reference_date,location,horizon,target,target_end_date,output_type,output_type_id,value
2024-11-23,US,0.0,wk inc flu hosp,2024-11-23,quantile,0.01,2057.0
2024-11-23,US,0.0,wk inc flu hosp,2024-11-23,quantile,0.025,2331.0
2024-11-23,US,0.0,wk inc flu hosp,2024-11-23,quantile,0.05,2522.0
2024-11-23,US,0.0,wk inc flu hosp,2024-11-23,quantile,0.1,2727.0
2024-11-23,US,0.0,wk inc flu hosp,2024-11-23,quantile,0.15,2814.0
2024-11-23,US,0.0,wk inc flu hosp,2024-11-23,quantile,0.2,2886.0
2024-11-23,US,0.0,wk inc flu hosp,2024-11-23,quantile,0.25,3038.0
2024-11-23,US,0.0,wk inc flu hosp,2024-11-23,quantile,0.3,3200.0
2024-11-23,US,0.0,wk inc flu hosp,2024-11-23,quantile,0.35,3296.0
2024-11-23,US,0.0,wk inc flu hosp,2024-11-23,quantile,0.4,3523.0
2024-11-23,US,0.0,wk inc flu hosp,2024-11-23,quantile,0.45,3626.0
2024-11-23,US,0.0,wk inc flu hosp,2024-11-23,quantile,0.5,3697.0
2024-11-23,US,0.0,wk inc flu hosp,2024-11-23,quantile,0.55,3766.0
2024-11-23,US,0.0,wk inc flu hosp,2024-11-23,quantile,0.6,3840.0
2024-11-23,US,0.0,wk inc flu hosp,2024-11-23,quantile,0.65,4081.0
2024-11-23,US,0.0,wk inc flu hosp,2024-11-23,quantile,0.7,4182.0
2024-11-23,US,0.0,wk inc flu hosp,2024-11-23,quantile,0.75,4269.0
2024-11-23,US,0.0,wk inc flu hosp,2024-11-23,quantile,0.8,4357.0
2024-11-23,US,0.0,wk inc flu hosp,2024-11-23,quantile,0.85,4444.0
2024-11-23,US,0.0,wk inc flu hosp,2024-11-23,quantile,0.9,4673.0
2024-11-23,US,0.0,wk inc flu hosp,2024-11-23,quantile,0.95,5076.0
2024-11-23,US,0.0,wk inc flu hosp,2024-11-23,quantile,0.975,5448.0
2024-11-23,US,0.0,wk inc flu hosp,2024-11-23,quantile,0.99,6081.0
2024-11-30,US,0.0,wk inc flu hosp,2024-11-30,quantile,0.01,2250.0
2024-11-30,US,0.0,wk inc flu hosp,2024-11-30,quantile,0.025,2701.0
2024-11-30,US,0.0,wk inc flu hosp,2024-11-30,quantile,0.05,3034.0
2024-11-30,US,0.0,wk inc flu hosp,2024-11-30,quantile,0.1,3228.0
2024-11-30,US,0.0,wk inc flu hosp,2024-11-30,quantile,0.15,3377.0
2024-11-30,US,0.0,wk inc flu hosp,2024-11-30,quantile,0.2,3432.0
2024-11-30,US,0.0,wk inc flu hosp,2024-11-30,quantile,0.25,3576.0
2024-11-30,US,0.0,wk inc flu hosp,2024-11-30,quantile,0.3,3633.0
2024-11-30,US,0.0,wk inc flu hosp,2024-11-30,quantile,0.35,3683.0
2024-11-30,US,0.0,wk inc flu hosp,2024-11-30,quantile,0.4,3750.0
2024-11-30,US,0.0,wk inc flu hosp,2024-11-30,quantile,0.45,3823.0
2024-11-30,US,0.0,wk inc flu hosp,2024-11-30,quantile,0.5,3947.0
2024-11-30,US,0.0,wk inc flu hosp,2024-11-30,quantile,0.55,4137.0
2024-11-30,US,0.0,wk inc flu hosp,2024-11-30,quantile,0.6,4252.0
2024-11-30,US,0.0,wk inc flu hosp,2024-11-30,quantile,0.65,4388.0
2024-11-30,US,0.0,wk inc flu hosp,2024-11-30,quantile,0.7,4514.0
2024-11-30,US,0.0,wk inc flu hosp,2024-11-30,quantile,0.75,4579.0
2024-11-30,US,0.0,wk inc flu hosp,2024-11-30,quantile,0.8,4708.0
2024-11-30,US,0.0,wk inc flu hosp,2024-11-30,quantile,0.85,4958.0
2024-11-30,US,0.0,wk inc flu hosp,2024-11-30,quantile,0.9,5250.0
2024-11-30,US,0.0,wk inc flu hosp,2024-11-30,quantile,0.95,5866.0
2024-11-30,US,0.0,wk inc flu hosp,2024-11-30,quantile,0.975,6252.0
2024-11-30,US,0.0,wk inc flu hosp,2024-11-30,quantile,0.99,6771.0
2024-12-07,US,0.0,wk inc flu hosp,2024-12-07,quantile,0.01,2541.0
2024-12-07,US,0.0,wk inc flu hosp,2024-12-07,quantile,0.025,2819.0
2024-12-07,US,0.0,wk inc flu hosp,2024-12-07,quantile,0.05,3111.0
2024-12-07,US,0.0,wk inc flu hosp,2024-12-07,quantile,0.1,3622.0
2024-12-07,US,0.0,wk inc flu hosp,2024-12-07,quantile,0.15,3939.0
2024-12-07,US,0.0,wk inc flu hosp,2024-12-07,quantile,0.2,4094.0
2024-12-07,US,0.0,wk inc flu hosp,2024-12-07,quantile,0.25,4150.0
2024-12-07,US,0.0,wk inc flu hosp,2024-12-07,quantile,0.3,4269.0
2024-12-07,US,0.0,wk inc flu hosp,2024-12-07,quantile,0.35,4435.0
2024-12-07,US,0.0,wk inc flu hosp,2024-12-07,quantile,0.4,4522.0
2024-12-07,US,0.0,wk inc flu hosp,2024-12-07,quantile,0.45,4630.0
2024-12-07,US,0.0,wk inc flu hosp,2024-12-07,quantile,0.5,4780.0
2024-12-07,US,0.0,wk inc flu hosp,2024-12-07,quantile,0.55,4985.0
2024-12-07,US,0.0,wk inc flu hosp,2024-12-07,quantile,0.6,5160.0
2024-12-07,US,0.0,wk inc flu hosp,2024-12-07,quantile,0.65,5248.0
2024-12-07,US,0.0,wk inc flu hosp,2024-12-07,quantile,0.7,5367.0
2024-12-07,US,0.0,wk inc flu hosp,2024-12-07,quantile,0.75,5457.0
2024-12-07,US,0.0,wk inc flu hosp,2024-12-07,quantile,0.8,5678.0
2024-12-07,US,0.0,wk inc flu hosp,2024-12-07,quantile,0.85,5933.0
2024-12-07,US,0.0,wk inc flu hosp,2024-12-07,quantile,0.9,6340.0
2024-12-07,US,0.0,wk inc flu hosp,2024-12-07,quantile,0.95,6810.0
2024-12-07,US,0.0,wk inc flu hosp,2024-12-07,quantile,0.975,7166.0
2024-12-07,US,0.0,wk inc flu hosp,2024-12-07,quantile,0.99,7627.0
2024-12-14,US,0.0,wk inc flu hosp,2024-12-14,quantile,0.01,3653.0
2024-12-14,US,0.0,wk inc flu hosp,2024-12-14,quantile,0.025,4344.0
2024-12-14,US,0.0,wk inc flu hosp,2024-12-14,quantile,0.05,5048.0
2024-12-14,US,0.0,wk inc flu hosp,2024-12-14,quantile,0.1,5474.0
2024-12-14,US,0.0,wk inc flu hosp,2024-12-14,quantile,0.15,5572.0
2024-12-14,US,0.0,wk inc flu hosp,2024-12-14,quantile,0.2,5697.0
2024-12-14,US,0.0,wk inc flu hosp,2024-12-14,quantile,0.25,5822.0
2024-12-14,US,0.0,wk inc flu hosp,2024-12-14,quantile,0.3,6031.0
2024-12-14,US,0.0,wk inc flu hosp,2024-12-14,quantile,0.35,6373.0
2024-12-14,US,0.0,wk inc flu hosp,2024-12-14,quantile,0.4,6548.0
2024-12-14,US,0.0,wk inc flu hosp,2024-12-14,quantile,0.45,6663.0
2024-12-14,US,0.0,wk inc flu hosp,2024-12-14,quantile,0.5,6907.0
2024-12-14,US,0.0,wk inc flu hosp,2024-12-14,quantile,0.55,7008.0
2024-12-14,US,0.0,wk inc flu hosp,2024-12-14,quantile,0.6,7133.0
2024-12-14,US,0.0,wk inc flu hosp,2024-12-14,quantile,0.65,7205.0
2024-12-14,US,0.0,wk inc flu hosp,2024-12-14,quantile,0.7,7309.0
2024-12-14,US,0.0,wk inc flu hosp,2024-12-14,quantile,0.75,7565.0
2024-12-14,US,0.0,wk inc flu hosp,2024-12-14,quantile,0.8,7724.0
2024-12-14,US,0.0,wk inc flu hosp,2024-12-14,quantile,0.85,7914.0
2024-12-14,US,0.0,wk inc flu hosp,2024-12-14,quantile,0.9,8305.0
2024-12-14,US,0.0,wk inc flu hosp,2024-12-14,quantile,0.95,8903.0
2024-12-14,US,0.0,wk inc flu hosp,2024-12-14,quantile,0.975,9169.0
2024-12-14,US,0.0,wk inc flu hosp,2024-12-14,quantile,0.99,9981.0
2024-12-21,US,0.0,wk inc flu hosp,2024-12-21,quantile,0.01,6257.0
2024-12-21,US,0.0,wk inc flu hosp,2024-12-21,quantile,0.025,6666.0
2024-12-21,US,0.0,wk inc flu hosp,2024-12-21,quantile,0.05,7345.0
2024-12-21,US,0.0,wk inc flu hosp,2024-12-21,quantile,0.1,7992.0
2024-12-21,US,0.0,wk inc flu hosp,2024-12-21,quantile,0.15,8406.0
2024-12-21,US,0.0,wk inc flu hosp,2024-12-21,quantile,0.2,8733.0
2024-12-21,US,0.0,wk inc flu hosp,2024-12-21,quantile,0.25,9068.0
2024-12-21,US,0.0,wk inc flu hosp,2024-12-21,quantile,0.3,9331.0
2024-12-21,US,0.0,wk inc flu hosp,2024-12-21,quantile,0.35,9794.0
2024-12-21,US,0.0,wk inc flu hosp,2024-12-21,quantile,0.4,10214.0
2024-12-21,US,0.0,wk inc flu hosp,2024-12-21,quantile,0.45,10515.0
2024-12-21,US,0.0,wk inc flu hosp,2024-12-21,quantile,0.5,10669.0
2024-12-21,US,0.0,wk inc flu hosp,2024-12-21,quantile,0.55,11038.0
2024-12-21,US,0.0,wk inc flu hosp,2024-12-21,quantile,0.6,11247.0
2024-12-21,US,0.0,wk inc flu hosp,2024-12-21,quantile,0.65,11611.0
2024-12-21,US,0.0,wk inc flu hosp,2024-12-21,quantile,0.7,12018.0
2024-12-21,US,0.0,wk inc flu hosp,2024-12-21,quantile,0.75,12444.0
2024-12-21,US,0.0,wk inc flu hosp,2024-12-21,quantile,0.8,12696.0
2024-12-21,US,0.0,wk inc flu hosp,2024-12-21,quantile,0.85,13013.0
2024-12-21,US,0.0,wk inc flu hosp,2024-12-21,quantile,0.9,13488.0
2024-12-21,US,0.0,wk inc flu hosp,2024-12-21,quantile,0.95,14153.0
2024-12-21,US,0.0,wk inc flu hosp,2024-12-21,quantile,0.975,15393.0
2024-12-21,US,0.0,wk inc flu hosp,2024-12-21,quantile,0.99,16491.0
2024-12-28,US,0.0,wk inc flu hosp,2024-12-28,quantile,0.01,10086.0
2024-12-28,US,0.0,wk inc flu hosp,2024-12-28,quantile,0.025,11122.0
2024-12-28,US,0.0,wk inc flu hosp,2024-12-28,quantile,0.05,11388.0
2024-12-28,US,0.0,wk inc flu hosp,2024-12-28,quantile,0.1,12042.0
2024-12-28,US,0.0,wk inc flu hosp,2024-12-28,quantile,0.15,12578.0
2024-12-28,US,0.0,wk inc flu hosp,2024-12-28,quantile,0.2,12978.0
2024-12-28,US,0.0,wk inc flu hosp,2024-12-28,quantile,0.25,13338.0
2024-12-28,US,0.0,wk inc flu hosp,2024-12-28,quantile,0.3,13540.0
2024-12-28,US,0.0,wk inc flu hosp,2024-12-28,quantile,0.35,14002.0
2024-12-28,US,0.0,wk inc flu hosp,2024-12-28,quantile,0.4,14117.0
2024-12-28,US,0.0,wk inc flu hosp,2024-12-28,quantile,0.45,14823.0
2024-12-28,US,0.0,wk inc flu hosp,2024-12-28,quantile,0.5,15280.0
2024-12-28,US,0.0,wk inc flu hosp,2024-12-28,quantile,0.55,15712.0
2024-12-28,US,0.0,wk inc flu hosp,2024-12-28,quantile,0.6,15994.0
2024-12-28,US,0.0,wk inc flu hosp,2024-12-28,quantile,0.65,16330.0
2024-12-28,US,0.0,wk inc flu hosp,2024-12-28,quantile,0.7,16426.0
2024-12-28,US,0.0,wk inc flu hosp,2024-12-28,quantile,0.75,16920.0
2024-12-28,US,0.0,wk inc flu hosp,2024-12-28,quantile,0.8,17721.0
2024-12-28,US,0.0,wk inc flu hosp,2024-12-28,quantile,0.85,18332.0
2024-12-28,US,0.0,wk inc flu hosp,2024-12-28,quantile,0.9,18895.0
2024-12-28,US,0.0,wk inc flu hosp,2024-12-28,quantile,0.95,19958.0
2024-12-28,US,0.0,wk inc flu hosp,2024-12-28,quantile,0.975,21140.0
2024-12-28,US,0.0,wk inc flu hosp,2024-12-28,quantile,0.99,21701.0
2025-01-04,US,0.0,wk inc flu hosp,2025-01-04,quantile,0.01,15468.0
2025-01-04,US,0.0,wk inc flu hosp,2025-01-04,quantile,0.025,17196.0
2025-01-04,US,0.0,wk inc flu hosp,2025-01-04,quantile,0.05,18320.0
2025-01-04,US,0.0,wk inc flu hosp,2025-01-04,quantile,0.1,20522.0
2025-01-04,US,0.0,wk inc flu hosp,2025-01-04,quantile,0.15,21080.0
2025-01-04,US,0.0,wk inc flu hosp,2025-01-04,quantile,0.2,21712.0
2025-01-04,US,0.0,wk inc flu hosp,2025-01-04,quantile,0.25,22477.0
2025-01-04,US,0.0,wk inc flu hosp,2025-01-04,quantile,0.3,23182.0
2025-01-04,US,0.0,wk inc flu hosp,2025-01-04,quantile,0.35,23852.0
2025-01-04,US,0.0,wk inc flu hosp,2025-01-04,quantile,0.4,24747.0
2025-01-04,US,0.0,wk inc flu hosp,2025-01-04,quantile,0.45,25793.0
2025-01-04,US,0.0,wk inc flu hosp,2025-01-04,quantile,0.5,25891.0
2025-01-04,US,0.0,wk inc flu hosp,2025-01-04,quantile,0.55,26438.0
2025-01-04,US,0.0,wk inc flu hosp,2025-01-04,quantile,0.6,26738.0
2025-01-04,US,0.0,wk inc flu hosp,2025-01-04,quantile,0.65,27024.0
2025-01-04,US,0.0,wk inc flu hosp,2025-01-04,quantile,0.7,27600.0
2025-01-04,US,0.0,wk inc flu hosp,2025-01-04,quantile,0.75,28513.0
2025-01-04,US,0.0,wk inc flu hosp,2025-01-04,quantile,0.8,29737.0
2025-01-04,US,0.0,wk inc flu hosp,2025-01-04,quantile,0.85,30629.0
2025-01-04,US,0.0,wk inc flu hosp,2025-01-04,quantile,0.9,32062.0
2025-01-04,US,0.0,wk inc flu hosp,2025-01-04,quantile,0.95,34079.0
2025-01-04,US,0.0,wk inc flu hosp,2025-01-04,quantile,0.975,36169.0
2025-01-04,US,0.0,wk inc flu hosp,2025-01-04,quantile,0.99,37681.0
2025-01-11,US,0.0,wk inc flu hosp,2025-01-11,quantile,0.01,24327.0
2025-01-11,US,0.0,wk inc flu hosp,2025-01-11,quantile,0.025,25945.0
2025-01-11,US,0.0,wk inc flu hosp,2025-01-11,quantile,0.05,26881.0
2025-01-11,US,0.0,wk inc flu hosp,2025-01-11,quantile,0.1,29512.0
2025-01-11,US,0.0,wk inc flu hosp,2025-01-11,quantile,0.15,31376.0
2025-01-11,US,0.0,wk inc flu hosp,2025-01-11,quantile,0.2,32914.0
2025-01-11,US,0.0,wk inc flu hosp,2025-01-11,quantile,0.25,33759.0
2025-01-11,US,0.0,wk inc flu hosp,2025-01-11,quantile,0.3,35583.0
2025-01-11,US,0.0,wk inc flu hosp,2025-01-11,quantile,0.35,36410.0
2025-01-11,US,0.0,wk inc flu hosp,2025-01-11,quantile,0.4,37862.0
2025-01-11,US,0.0,wk inc flu hosp,2025-01-11,quantile,0.45,38827.0
2025-01-11,US,0.0,wk inc flu hosp,2025-01-11,quantile,0.5,39234.0
2025-01-11,US,0.0,wk inc flu hosp,2025-01-11,quantile,0.55,39582.0
2025-01-11,US,0.0,wk inc flu hosp,2025-01-11,quantile,0.6,40018.0
2025-01-11,US,0.0,wk inc flu hosp,2025-01-11,quantile,0.65,40301.0
2025-01-11,US,0.0,wk inc flu hosp,2025-01-11,quantile,0.7,42415.0
2025-01-11,US,0.0,wk inc flu hosp,2025-01-11,quantile,0.75,43174.0
2025-01-11,US,0.0,wk inc flu hosp,2025-01-11,quantile,0.8,43802.0
2025-01-11,US,0.0,wk inc flu hosp,2025-01-11,quantile,0.85,44416.0
2025-01-11,US,0.0,wk inc flu hosp,2025-01-11,quantile,0.9,45702.0
2025-01-11,US,0.0,wk inc flu hosp,2025-01-11,quantile,0.95,47470.0
2025-01-11,US,0.0,wk inc flu hosp,2025-01-11,quantile,0.975,50770.0
2025-01-11,US,0.0,wk inc flu hosp,2025-01-11,quantile,0.99,53254.0
2025-01-18,US,0.0,wk inc flu hosp,2025-01-18,quantile,0.01,14970.0
2025-01-18,US,0.0,wk inc flu hosp,2025-01-18,quantile,0.025,16165.0
2025-01-18,US,0.0,wk inc flu hosp,2025-01-18,quantile,0.05,17828.0
2025-01-18,US,0.0,wk inc flu hosp,2025-01-18,quantile,0.1,19389.0
2025-01-18,US,0.0,wk inc flu hosp,2025-01-18,quantile,0.15,20571.0
2025-01-18,US,0.0,wk inc flu hosp,2025-01-18,quantile,0.2,22198.0
2025-01-18,US,0.0,wk inc flu hosp,2025-01-18,quantile,0.25,23314.0
2025-01-18,US,0.0,wk inc flu hosp,2025-01-18,quantile,0.3,24337.0
2025-01-18,US,0.0,wk inc flu hosp,2025-01-18,quantile,0.35,25025.0
2025-01-18,US,0.0,wk inc flu hosp,2025-01-18,quantile,0.4,26055.0
2025-01-18,US,0.0,wk inc flu hosp,2025-01-18,quantile,0.45,26476.0
2025-01-18,US,0.0,wk inc flu hosp,2025-01-18,quantile,0.5,26890.0
2025-01-18,US,0.0,wk inc flu hosp,2025-01-18,quantile,0.55,27841.0
2025-01-18,US,0.0,wk inc flu hosp,2025-01-18,quantile,0.6,28334.0
2025-01-18,US,0.0,wk inc flu hosp,2025-01-18,quantile,0.65,29584.0
2025-01-18,US,0.0,wk inc flu hosp,2025-01-18,quantile,0.7,30341.0
2025-01-18,US,0.0,wk inc flu hosp,2025-01-18,quantile,0.75,31508.0
2025-01-18,US,0.0,wk inc flu hosp,2025-01-18,quantile,0.8,32497.0
2025-01-18,US,0.0,wk inc flu hosp,2025-01-18,quantile,0.85,33563.0
2025-01-18,US,0.0,wk inc flu hosp,2025-01-18,quantile,0.9,34450.0
2025-01-18,US,0.0,wk inc flu hosp,2025-01-18,quantile,0.95,37190.0
2025-01-18,US,0.0,wk inc flu hosp,2025-01-18,quantile,0.975,39228.0
2025-01-18,US,0.0,wk inc flu hosp,2025-01-18,quantile,0.99,42047.0
2025-02-01,US,0.0,wk inc flu hosp,2025-02-01,quantile,0.01,19129.0
2025-02-01,US,0.0,wk inc flu hosp,2025-02-01,quantile,0.025,20802.0
2025-02-01,US,0.0,wk inc flu hosp,2025-02-01,quantile,0.05,22936.0
2025-02-01,US,0.0,wk inc flu hosp,2025-02-01,quantile,0.1,24704.0
2025-02-01,US,0.0,wk inc flu hosp,2025-02-01,quantile,0.15,26248.0
2025-02-01,US,0.0,wk inc flu hosp,2025-02-01,quantile,0.2,27531.0
2025-02-01,US,0.0,wk inc flu hosp,2025-02-01,quantile,0.25,28995.0
2025-02-01,US,0.0,wk inc flu hosp,2025-02-01,quantile,0.3,29586.0
2025-02-01,US,0.0,wk inc flu hosp,2025-02-01,quantile,0.35,30398.0
2025-02-01,US,0.0,wk inc flu hosp,2025-02-01,quantile,0.4,31215.0
2025-02-01,US,0.0,wk inc flu hosp,2025-02-01,quantile,0.45,32435.0
2025-02-01,US,0.0,wk inc flu hosp,2025-02-01,quantile,0.5,34239.0
2025-02-01,US,0.0,wk inc flu hosp,2025-02-01,quantile,0.55,34697.0
2025-02-01,US,0.0,wk inc flu hosp,2025-02-01,quantile,0.6,35553.0
2025-02-01,US,0.0,wk inc flu hosp,2025-02-01,quantile,0.65,35967.0
2025-02-01,US,0.0,wk inc flu hosp,2025-02-01,quantile,0.7,36972.0
2025-02-01,US,0.0,wk inc flu hosp,2025-02-01,quantile,0.75,37851.0
2025-02-01,US,0.0,wk inc flu hosp,2025-02-01,quantile,0.8,39173.0
2025-02-01,US,0.0,wk inc flu hosp,2025-02-01,quantile,0.85,40640.0
2025-02-01,US,0.0,wk inc flu hosp,2025-02-01,quantile,0.9,42220.0
2025-02-01,US,0.0,wk inc flu hosp,2025-02-01,quantile,0.95,44064.0
2025-02-01,US,0.0,wk inc flu hosp,2025-02-01,quantile,0.975,46922.0
2025-02-01,US,0.0,wk inc flu hosp,2025-02-01,quantile,0.99,49519.0
2025-02-08,US,0.0,wk inc flu hosp,2025-02-08,quantile,0.01,26662.0
2025-02-08,US,0.0,wk inc flu hosp,2025-02-08,quantile,0.025,27922.0
2025-02-08,US,0.0,wk inc flu hosp,2025-02-08,quantile,0.05,30588.0
2025-02-08,US,0.0,wk inc flu hosp,2025-02-08,quantile,0.1,32766.0
2025-02-08,US,0.0,wk inc flu hosp,2025-02-08,quantile,0.15,35127.0
2025-02-08,US,0.0,wk inc flu hosp,2025-02-08,quantile,0.2,37026.0
2025-02-08,US,0.0,wk inc flu hosp,2025-02-08,quantile,0.25,37665.0
2025-02-08,US,0.0,wk inc flu hosp,2025-02-08,quantile,0.3,38556.0
2025-02-08,US,0.0,wk inc flu hosp,2025-02-08,quantile,0.35,40142.0
2025-02-08,US,0.0,wk inc flu hosp,2025-02-08,quantile,0.4,41759.0
2025-02-08,US,0.0,wk inc flu hosp,2025-02-08,quantile,0.45,43298.0
2025-02-08,US,0.0,wk inc flu hosp,2025-02-08,quantile,0.5,44765.0
2025-02-08,US,0.0,wk inc flu hosp,2025-02-08,quantile,0.55,46067.0
2025-02-08,US,0.0,wk inc flu hosp,2025-02-08,quantile,0.6,47280.0
2025-02-08,US,0.0,wk inc flu hosp,2025-02-08,quantile,0.65,48555.0
2025-02-08,US,0.0,wk inc flu hosp,2025-02-08,quantile,0.7,49555.0
2025-02-08,US,0.0,wk inc flu hosp,2025-02-08,quantile,0.75,51238.0
2025-02-08,US,0.0,wk inc flu hosp,2025-02-08,quantile,0.8,52572.0
2025-02-08,US,0.0,wk inc flu hosp,2025-02-08,quantile,0.85,54478.0
2025-02-08,US,0.0,wk inc flu hosp,2025-02-08,quantile,0.9,56422.0
2025-02-08,US,0.0,wk inc flu hosp,2025-02-08,quantile,0.95,58759.0
2025-02-08,US,0.0,wk inc flu hosp,2025-02-08,quantile,0.975,62309.0
2025-02-08,US,0.0,wk inc flu hosp,2025-02-08,quantile,0.99,66153.0
2025-02-15,US,0.0,wk inc flu hosp,2025-02-15,quantile,0.01,28142.0
2025-02-15,US,0.0,wk inc flu hosp,2025-02-15,quantile,0.025,30423.0
2025-02-15,US,0.0,wk inc flu hosp,2025-02-15,quantile,0.05,32284.0
2025-02-15,US,0.0,wk inc flu hosp,2025-02-15,quantile,0.1,34941.0
2025-02-15,US,0.0,wk inc flu hosp,2025-02-15,quantile,0.15,36942.0
2025-02-15,US,0.0,wk inc flu hosp,2025-02-15,quantile,0.2,37656.0
2025-02-15,US,0.0,wk inc flu hosp,2025-02-15,quantile,0.25,38273.0
2025-02-15,US,0.0,wk inc flu hosp,2025-02-15,quantile,0.3,38899.0
2025-02-15,US,0.0,wk inc flu hosp,2025-02-15,quantile,0.35,39854.0
2025-02-15,US,0.0,wk inc flu hosp,2025-02-15,quantile,0.4,41996.0
2025-02-15,US,0.0,wk inc flu hosp,2025-02-15,quantile,0.45,43498.0
2025-02-15,US,0.0,wk inc flu hosp,2025-02-15,quantile,0.5,45052.0
2025-02-15,US,0.0,wk inc flu hosp,2025-02-15,quantile,0.55,45787.0
2025-02-15,US,0.0,wk inc flu hosp,2025-02-15,quantile,0.6,46848.0
2025-02-15,US,0.0,wk inc flu hosp,2025-02-15,quantile,0.65,48193.0
2025-02-15,US,0.0,wk inc flu hosp,2025-02-15,quantile,0.7,49747.0
2025-02-15,US,0.0,wk inc flu hosp,2025-02-15,quantile,0.75,51097.0
2025-02-15,US,0.0,wk inc flu hosp,2025-02-15,quantile,0.8,52497.0
2025-02-15,US,0.0,wk inc flu hosp,2025-02-15,quantile,0.85,54656.0
2025-02-15,US,0.0,wk inc flu hosp,2025-02-15,quantile,0.9,56403.0
2025-02-15,US,0.0,wk inc flu hosp,2025-02-15,quantile,0.95,58784.0
2025-02-15,US,0.0,wk inc flu hosp,2025-02-15,quantile,0.975,60355.0
2025-02-15,US,0.0,wk inc flu hosp,2025-02-15,quantile,0.99,64395.0
2025-02-22,US,0.0,wk inc flu hosp,2025-02-22,quantile,0.01,23742.0
2025-02-22,US,0.0,wk inc flu hosp,2025-02-22,quantile,0.025,25899.0
2025-02-22,US,0.0,wk inc flu hosp,2025-02-22,quantile,0.05,27137.0
2025-02-22,US,0.0,wk inc flu hosp,2025-02-22,quantile,0.1,29070.0
2025-02-22,US,0.0,wk inc flu hosp,2025-02-22,quantile,0.15,30893.0
2025-02-22,US,0.0,wk inc flu hosp,2025-02-22,quantile,0.2,31986.0
2025-02-22,US,0.0,wk inc flu hosp,2025-02-22,quantile,0.25,33113.0
2025-02-22,US,0.0,wk inc flu hosp,2025-02-22,quantile,0.3,33854.0
2025-02-22,US,0.0,wk inc flu hosp,2025-02-22,quantile,0.35,34640.0
2025-02-22,US,0.0,wk inc flu hosp,2025-02-22,quantile,0.4,35638.0
2025-02-22,US,0.0,wk inc flu hosp,2025-02-22,quantile,0.45,36933.0
2025-02-22,US,0.0,wk inc flu hosp,2025-02-22,quantile,0.5,38195.0
2025-02-22,US,0.0,wk inc flu hosp,2025-02-22,quantile,0.55,39307.0
2025-02-22,US,0.0,wk inc flu hosp,2025-02-22,quantile,0.6,40004.0
2025-02-22,US,0.0,wk inc flu hosp,2025-02-22,quantile,0.65,40698.0
2025-02-22,US,0.0,wk inc flu hosp,2025-02-22,quantile,0.7,41463.0
2025-02-22,US,0.0,wk inc flu hosp,2025-02-22,quantile,0.75,42544.0
2025-02-22,US,0.0,wk inc flu hosp,2025-02-22,quantile,0.8,44168.0
2025-02-22,US,0.0,wk inc flu hosp,2025-02-22,quantile,0.85,45296.0
2025-02-22,US,0.0,wk inc flu hosp,2025-02-22,quantile,0.9,47386.0
2025-02-22,US,0.0,wk inc flu hosp,2025-02-22,quantile,0.95,50388.0
2025-02-22,US,0.0,wk inc flu hosp,2025-02-22,quantile,0.975,52681.0
2025-02-22,US,0.0,wk inc flu hosp,2025-02-22,quantile,0.99,56283.0
2025-03-01,US,0.0,wk inc flu hosp,2025-03-01,quantile,0.01,16006.0
2025-03-01,US,0.0,wk inc flu hosp,2025-03-01,quantile,0.025,17526.0
2025-03-01,US,0.0,wk inc flu hosp,2025-03-01,quantile,0.05,19802.0
2025-03-01,US,0.0,wk inc flu hosp,2025-03-01,quantile,0.1,22894.0
2025-03-01,US,0.0,wk inc flu hosp,2025-03-01,quantile,0.15,24007.0
2025-03-01,US,0.0,wk inc flu hosp,2025-03-01,quantile,0.2,25020.0
2025-03-01,US,0.0,wk inc flu hosp,2025-03-01,quantile,0.25,26153.0
2025-03-01,US,0.0,wk inc flu hosp,2025-03-01,quantile,0.3,27408.0
2025-03-01,US,0.0,wk inc flu hosp,2025-03-01,quantile,0.35,28486.0
2025-03-01,US,0.0,wk inc flu hosp,2025-03-01,quantile,0.4,28963.0
2025-03-01,US,0.0,wk inc flu hosp,2025-03-01,quantile,0.45,29958.0
2025-03-01,US,0.0,wk inc flu hosp,2025-03-01,quantile,0.5,31048.0
2025-03-01,US,0.0,wk inc flu hosp,2025-03-01,quantile,0.55,31908.0
2025-03-01,US,0.0,wk inc flu hosp,2025-03-01,quantile,0.6,32631.0
2025-03-01,US,0.0,wk inc flu hosp,2025-03-01,quantile,0.65,33230.0
2025-03-01,US,0.0,wk inc flu hosp,2025-03-01,quantile,0.7,33961.0
2025-03-01,US,0.0,wk inc flu hosp,2025-03-01,quantile,0.75,34966.0
2025-03-01,US,0.0,wk inc flu hosp,2025-03-01,quantile,0.8,36018.0
2025-03-01,US,0.0,wk inc flu hosp,2025-03-01,quantile,0.85,38000.0
2025-03-01,US,0.0,wk inc flu hosp,2025-03-01,quantile,0.9,39507.0
2025-03-01,US,0.0,wk inc flu hosp,2025-03-01,quantile,0.95,43168.0
2025-03-01,US,0.0,wk inc flu hosp,2025-03-01,quantile,0.975,45233.0
2025-03-01,US,0.0,wk inc flu hosp,2025-03-01,quantile,0.99,47139.0
2025-03-08,US,0.0,wk inc flu hosp,2025-03-08,quantile,0.01,14018.0
2025-03-08,US,0.0,wk inc flu hosp,2025-03-08,quantile,0.025,15232.0
2025-03-08,US,0.0,wk inc flu hosp,2025-03-08,quantile,0.05,16188.0
2025-03-08,US,0.0,wk inc flu hosp,2025-03-08,quantile,0.1,18484.0
2025-03-08,US,0.0,wk inc flu hosp,2025-03-08,quantile,0.15,20029.0
2025-03-08,US,0.0,wk inc flu hosp,2025-03-08,quantile,0.2,20931.0
2025-03-08,US,0.0,wk inc flu hosp,2025-03-08,quantile,0.25,21572.0
2025-03-08,US,0.0,wk inc flu hosp,2025-03-08,quantile,0.3,22045.0
2025-03-08,US,0.0,wk inc flu hosp,2025-03-08,quantile,0.35,22921.0
2025-03-08,US,0.0,wk inc flu hosp,2025-03-08,quantile,0.4,23267.0
2025-03-08,US,0.0,wk inc flu hosp,2025-03-08,quantile,0.45,23922.0
2025-03-08,US,0.0,wk inc flu hosp,2025-03-08,quantile,0.5,24765.0
2025-03-08,US,0.0,wk inc flu hosp,2025-03-08,quantile,0.55,25194.0
2025-03-08,US,0.0,wk inc flu hosp,2025-03-08,quantile,0.6,25587.0
2025-03-08,US,0.0,wk inc flu hosp,2025-03-08,quantile,0.65,26259.0
2025-03-08,US,0.0,wk inc flu hosp,2025-03-08,quantile,0.7,27126.0
2025-03-08,US,0.0,wk inc flu hosp,2025-03-08,quantile,0.75,27572.0
2025-03-08,US,0.0,wk inc flu hosp,2025-03-08,quantile,0.8,28069.0
2025-03-08,US,0.0,wk inc flu hosp,2025-03-08,quantile,0.85,29338.0
2025-03-08,US,0.0,wk inc flu hosp,2025-03-08,quantile,0.9,30380.0
2025-03-08,US,0.0,wk inc flu hosp,2025-03-08,quantile,0.95,33526.0
2025-03-08,US,0.0,wk inc flu hosp,2025-03-08,quantile,0.975,35191.0
2025-03-08,US,0.0,wk inc flu hosp,2025-03-08,quantile,0.99,37680.0
2025-03-15,US,0.0,wk inc flu hosp,2025-03-15,quantile,0.01,9631.0
2025-03-15,US,0.0,wk inc flu hosp,2025-03-15,quantile,0.025,10793.0
2025-03-15,US,0.0,wk inc flu hosp,2025-03-15,quantile,0.05,12247.0
2025-03-15,US,0.0,wk inc flu hosp,2025-03-15,quantile,0.1,13243.0
2025-03-15,US,0.0,wk inc flu hosp,2025-03-15,quantile,0.15,13984.0
2025-03-15,US,0.0,wk inc flu hosp,2025-03-15,quantile,0.2,14950.0
2025-03-15,US,0.0,wk inc flu hosp,2025-03-15,quantile,0.25,15576.0
2025-03-15,US,0.0,wk inc flu hosp,2025-03-15,quantile,0.3,16117.0
2025-03-15,US,0.0,wk inc flu hosp,2025-03-15,quantile,0.35,16412.0
2025-03-15,US,0.0,wk inc flu hosp,2025-03-15,quantile,0.4,16767.0
2025-03-15,US,0.0,wk inc flu hosp,2025-03-15,quantile,0.45,17274.0
2025-03-15,US,0.0,wk inc flu hosp,2025-03-15,quantile,0.5,18029.0
2025-03-15,US,0.0,wk inc flu hosp,2025-03-15,quantile,0.55,18657.0
2025-03-15,US,0.0,wk inc flu hosp,2025-03-15,quantile,0.6,18899.0
2025-03-15,US,0.0,wk inc flu hosp,2025-03-15,quantile,0.65,19163.0
2025-03-15,US,0.0,wk inc flu hosp,2025-03-15,quantile,0.7,19878.0
2025-03-15,US,0.0,wk inc flu hosp,2025-03-15,quantile,0.75,20634.0
2025-03-15,US,0.0,wk inc flu hosp,2025-03-15,quantile,0.8,21878.0
2025-03-15,US,0.0,wk inc flu hosp,2025-03-15,quantile,0.85,22999.0
2025-03-15,US,0.0,wk inc flu hosp,2025-03-15,quantile,0.9,24255.0
2025-03-15,US,0.0,wk inc flu hosp,2025-03-15,quantile,0.95,26385.0
2025-03-15,US,0.0,wk inc flu hosp,2025-03-15,quantile,0.975,27919.0
2025-03-15,US,0.0,wk inc flu hosp,2025-03-15,quantile,0.99,29452.0
2025-03-22,US,0.0,wk inc flu hosp,2025-03-22,quantile,0.01,6886.0
2025-03-22,US,0.0,wk inc flu hosp,2025-03-22,quantile,0.025,7856.0
2025-03-22,US,0.0,wk inc flu hosp,2025-03-22,quantile,0.05,8960.0
2025-03-22,US,0.0,wk inc flu hosp,2025-03-22,quantile,0.1,10286.0
2025-03-22,US,0.0,wk inc flu hosp,2025-03-22,quantile,0.15,10904.0
2025-03-22,US,0.0,wk inc flu hosp,2025-03-22,quantile,0.2,11429.0
2025-03-22,US,0.0,wk inc flu hosp,2025-03-22,quantile,0.25,11909.0
2025-03-22,US,0.0,wk inc flu hosp,2025-03-22,quantile,0.3,12316.0
2025-03-22,US,0.0,wk inc flu hosp,2025-03-22,quantile,0.35,12709.0
2025-03-22,US,0.0,wk inc flu hosp,2025-03-22,quantile,0.4,13171.0
2025-03-22,US,0.0,wk inc flu hosp,2025-03-22,quantile,0.45,13591.0
2025-03-22,US,0.0,wk inc flu hosp,2025-03-22,quantile,0.5,14018.0
2025-03-22,US,0.0,wk inc flu hosp,2025-03-22,quantile,0.55,14449.0
2025-03-22,US,0.0,wk inc flu hosp,2025-03-22,quantile,0.6,14940.0
2025-03-22,US,0.0,wk inc flu hosp,2025-03-22,quantile,0.65,15189.0
2025-03-22,US,0.0,wk inc flu hosp,2025-03-22,quantile,0.7,15450.0
2025-03-22,US,0.0,wk inc flu hosp,2025-03-22,quantile,0.75,15787.0
2025-03-22,US,0.0,wk inc flu hosp,2025-03-22,quantile,0.8,16545.0
2025-03-22,US,0.0,wk inc flu hosp,2025-03-22,quantile,0.85,17094.0
2025-03-22,US,0.0,wk inc flu hosp,2025-03-22,quantile,0.9,18290.0
2025-03-22,US,0.0,wk inc flu hosp,2025-03-22,quantile,0.95,19901.0
2025-03-22,US,0.0,wk inc flu hosp,2025-03-22,quantile,0.975,20887.0
2025-03-22,US,0.0,wk inc flu hosp,2025-03-22,quantile,0.99,23747.0
2025-03-29,US,0.0,wk inc flu hosp,2025-03-29,quantile,0.01,4654.0
2025-03-29,US,0.0,wk inc flu hosp,2025-03-29,quantile,0.025,5380.0
2025-03-29,US,0.0,wk inc flu hosp,2025-03-29,quantile,0.05,6223.0
2025-03-29,US,0.0,wk inc flu hosp,2025-03-29,quantile,0.1,7090.0
2025-03-29,US,0.0,wk inc flu hosp,2025-03-29,quantile,0.15,7510.0
2025-03-29,US,0.0,wk inc flu hosp,2025-03-29,quantile,0.2,7791.0
2025-03-29,US,0.0,wk inc flu hosp,2025-03-29,quantile,0.25,8180.0
2025-03-29,US,0.0,wk inc flu hosp,2025-03-29,quantile,0.3,8676.0
2025-03-29,US,0.0,wk inc flu hosp,2025-03-29,quantile,0.35,9083.0
2025-03-29,US,0.0,wk inc flu hosp,2025-03-29,quantile,0.4,9240.0
2025-03-29,US,0.0,wk inc flu hosp,2025-03-29,quantile,0.45,9537.0
2025-03-29,US,0.0,wk inc flu hosp,2025-03-29,quantile,0.5,9956.0
2025-03-29,US,0.0,wk inc flu hosp,2025-03-29,quantile,0.55,10151.0
2025-03-29,US,0.0,wk inc flu hosp,2025-03-29,quantile,0.6,10339.0
2025-03-29,US,0.0,wk inc flu hosp,2025-03-29,quantile,0.65,10767.0
2025-03-29,US,0.0,wk inc flu hosp,2025-03-29,quantile,0.7,11283.0
2025-03-29,US,0.0,wk inc flu hosp,2025-03-29,quantile,0.75,11604.0
2025-03-29,US,0.0,wk inc flu hosp,2025-03-29,quantile,0.8,12042.0
2025-03-29,US,0.0,wk inc flu hosp,2025-03-29,quantile,0.85,12784.0
2025-03-29,US,0.0,wk inc flu hosp,2025-03-29,quantile,0.9,13968.0
2025-03-29,US,0.0,wk inc flu hosp,2025-03-29,quantile,0.95,15254.0
2025-03-29,US,0.0,wk inc flu hosp,2025-03-29,quantile,0.975,16357.0
2025-03-29,US,0.0,wk inc flu hosp,2025-03-29,quantile,0.99,17867.0
2025-04-05,US,0.0,wk inc flu hosp,2025-04-05,quantile,0.01,3663.0
2025-04-05,US,0.0,wk inc flu hosp,2025-04-05,quantile,0.025,4272.0
2025-04-05,US,0.0,wk inc flu hosp,2025-04-05,quantile,0.05,4670.0
2025-04-05,US,0.0,wk inc flu hosp,2025-04-05,quantile,0.1,5120.0
2025-04-05,US,0.0,wk inc flu hosp,2025-04-05,quantile,0.15,5500.0
2025-04-05,US,0.0,wk inc flu hosp,2025-04-05,quantile,0.2,5793.0
2025-04-05,US,0.0,wk inc flu hosp,2025-04-05,quantile,0.25,6068.0
2025-04-05,US,0.0,wk inc flu hosp,2025-04-05,quantile,0.3,6259.0
2025-04-05,US,0.0,wk inc flu hosp,2025-04-05,quantile,0.35,6514.0
2025-04-05,US,0.0,wk inc flu hosp,2025-04-05,quantile,0.4,6795.0
2025-04-05,US,0.0,wk inc flu hosp,2025-04-05,quantile,0.45,7013.0
2025-04-05,US,0.0,wk inc flu hosp,2025-04-05,quantile,0.5,7303.0
2025-04-05,US,0.0,wk inc flu hosp,2025-04-05,quantile,0.55,7478.0
2025-04-05,US,0.0,wk inc flu hosp,2025-04-05,quantile,0.6,7825.0
2025-04-05,US,0.0,wk inc flu hosp,2025-04-05,quantile,0.65,8016.0
2025-04-05,US,0.0,wk inc flu hosp,2025-04-05,quantile,0.7,8233.0
2025-04-05,US,0.0,wk inc flu hosp,2025-04-05,quantile,0.75,8493.0
2025-04-05,US,0.0,wk inc flu hosp,2025-04-05,quantile,0.8,8841.0
2025-04-05,US,0.0,wk inc flu hosp,2025-04-05,quantile,0.85,9279.0
2025-04-05,US,0.0,wk inc flu hosp,2025-04-05,quantile,0.9,9947.0
2025-04-05,US,0.0,wk inc flu hosp,2025-04-05,quantile,0.95,11212.0
2025-04-05,US,0.0,wk inc flu hosp,2025-04-05,quantile,0.975,12119.0
2025-04-05,US,0.0,wk inc flu hosp,2025-04-05,quantile,0.99,13746.0
2025-04-12,US,0.0,wk inc flu hosp,2025-04-12,quantile,0.01,2178.0
2025-04-12,US,0.0,wk inc flu hosp,2025-04-12,quantile,0.025,2490.0
2025-04-12,US,0.0,wk inc flu hosp,2025-04-12,quantile,0.05,2802.0
2025-04-12,US,0.0,wk inc flu hosp,2025-04-12,quantile,0.1,3190.0
2025-04-12,US,0.0,wk inc flu hosp,2025-04-12,quantile,0.15,3477.0
2025-04-12,US,0.0,wk inc flu hosp,2025-04-12,quantile,0.2,3708.0
2025-04-12,US,0.0,wk inc flu hosp,2025-04-12,quantile,0.25,3931.0
2025-04-12,US,0.0,wk inc flu hosp,2025-04-12,quantile,0.3,4066.0
2025-04-12,US,0.0,wk inc flu hosp,2025-04-12,quantile,0.35,4209.0
2025-04-12,US,0.0,wk inc flu hosp,2025-04-12,quantile,0.4,4415.0
2025-04-12,US,0.0,wk inc flu hosp,2025-04-12,quantile,0.45,4579.0
2025-04-12,US,0.0,wk inc flu hosp,2025-04-12,quantile,0.5,4947.0
2025-04-12,US,0.0,wk inc flu hosp,2025-04-12,quantile,0.55,5091.0
2025-04-12,US,0.0,wk inc flu hosp,2025-04-12,quantile,0.6,5274.0
2025-04-12,US,0.0,wk inc flu hosp,2025-04-12,quantile,0.65,5439.0
2025-04-12,US,0.0,wk inc flu hosp,2025-04-12,quantile,0.7,5647.0
2025-04-12,US,0.0,wk inc flu hosp,2025-04-12,quantile,0.75,5903.0
2025-04-12,US,0.0,wk inc flu hosp,2025-04-12,quantile,0.8,6207.0
2025-04-12,US,0.0,wk inc flu hosp,2025-04-12,quantile,0.85,6591.0
2025-04-12,US,0.0,wk inc flu hosp,2025-04-12,quantile,0.9,7194.0
2025-04-12,US,0.0,wk inc flu hosp,2025-04-12,quantile,0.95,7864.0
2025-04-12,US,0.0,wk inc flu hosp,2025-04-12,quantile,0.975,8628.0
2025-04-12,US,0.0,wk inc flu hosp,2025-04-12,quantile,0.99,9482.0
2025-04-19,US,0.0,wk inc flu hosp,2025-04-19,quantile,0.01,1401.0
2025-04-19,US,0.0,wk inc flu hosp,2025-04-19,quantile,0.025,1606.0
2025-04-19,US,0.0,wk inc flu hosp,2025-04-19,quantile,0.05,1826.0
2025-04-19,US,0.0,wk inc flu hosp,2025-04-19,quantile,0.1,2075.0
2025-04-19,US,0.0,wk inc flu hosp,2025-04-19,quantile,0.15,2265.0
2025-04-19,US,0.0,wk inc flu hosp,2025-04-19,quantile,0.2,2461.0
2025-04-19,US,0.0,wk inc flu hosp,2025-04-19,quantile,0.25,2588.0
2025-04-19,US,0.0,wk inc flu hosp,2025-04-19,quantile,0.3,2737.0
2025-04-19,US,0.0,wk inc flu hosp,2025-04-19,quantile,0.35,2879.0
2025-04-19,US,0.0,wk inc flu hosp,2025-04-19,quantile,0.4,3005.0
2025-04-19,US,0.0,wk inc flu hosp,2025-04-19,quantile,0.45,3170.0
2025-04-19,US,0.0,wk inc flu hosp,2025-04-19,quantile,0.5,3318.0
2025-04-19,US,0.0,wk inc flu hosp,2025-04-19,quantile,0.55,3480.0
2025-04-19,US,0.0,wk inc flu hosp,2025-04-19,quantile,0.6,3646.0
2025-04-19,US,0.0,wk inc flu hosp,2025-04-19,quantile,0.65,3865.0
2025-04-19,US,0.0,wk inc flu hosp,2025-04-19,quantile,0.7,4112.0
2025-04-19,US,0.0,wk inc flu hosp,2025-04-19,quantile,0.75,4316.0
2025-04-19,US,0.0,wk inc flu hosp,2025-04-19,quantile,0.8,4503.0
2025-04-19,US,0.0,wk inc flu hosp,2025-04-19,quantile,0.85,4714.0
2025-04-19,US,0.0,wk inc flu hosp,2025-04-19,quantile,0.9,5003.0
2025-04-19,US,0.0,wk inc flu hosp,2025-04-19,quantile,0.95,5472.0
2025-04-19,US,0.0,wk inc flu hosp,2025-04-19,quantile,0.975,6065.0
2025-04-19,US,0.0,wk inc flu hosp,2025-04-19,quantile,0.99,6963.0
2025-04-26,US,0.0,wk inc flu hosp,2025-04-26,quantile,0.01,850.0
2025-04-26,US,0.0,wk inc flu hosp,2025-04-26,quantile,0.025,1066.0
2025-04-26,US,0.0,wk inc flu hosp,2025-04-26,quantile,0.05,1256.0
2025-04-26,US,0.0,wk inc flu hosp,2025-04-26,quantile,0.1,1545.0
2025-04-26,US,0.0,wk inc flu hosp,2025-04-26,quantile,0.15,1751.0
2025-04-26,US,0.0,wk inc flu hosp,2025-04-26,quantile,0.2,1919.0
2025-04-26,US,0.0,wk inc flu hosp,2025-04-26,quantile,0.25,2063.0
2025-04-26,US,0.0,wk inc flu hosp,2025-04-26,quantile,0.3,2177.0
2025-04-26,US,0.0,wk inc flu hosp,2025-04-26,quantile,0.35,2306.0
2025-04-26,US,0.0,wk inc flu hosp,2025-04-26,quantile,0.4,2451.0
2025-04-26,US,0.0,wk inc flu hosp,2025-04-26,quantile,0.45,2571.0
2025-04-26,US,0.0,wk inc flu hosp,2025-04-26,quantile,0.5,2702.0
2025-04-26,US,0.0,wk inc flu hosp,2025-04-26,quantile,0.55,2845.0
2025-04-26,US,0.0,wk inc flu hosp,2025-04-26,quantile,0.6,2996.0
2025-04-26,US,0.0,wk inc flu hosp,2025-04-26,quantile,0.65,3331.0
2025-04-26,US,0.0,wk inc flu hosp,2025-04-26,quantile,0.7,3409.0
2025-04-26,US,0.0,wk inc flu hosp,2025-04-26,quantile,0.75,3542.0
2025-04-26,US,0.0,wk inc flu hosp,2025-04-26,quantile,0.8,3774.0
2025-04-26,US,0.0,wk inc flu hosp,2025-04-26,quantile,0.85,4019.0
2025-04-26,US,0.0,wk inc flu hosp,2025-04-26,quantile,0.9,4244.0
2025-04-26,US,0.0,wk inc flu hosp,2025-04-26,quantile,0.95,4686.0
2025-04-26,US,0.0,wk inc flu hosp,2025-04-26,quantile,0.975,5178.0
2025-04-26,US,0.0,wk inc flu hosp,2025-04-26,quantile,0.99,5751.0
2025-05-03,US,0.0,wk inc flu hosp,2025-05-03,quantile,0.01,709.0
2025-05-03,US,0.0,wk inc flu hosp,2025-05-03,quantile,0.025,952.0
2025-05-03,US,0.0,wk inc flu hosp,2025-05-03,quantile,0.05,1082.0
2025-05-03,US,0.0,wk inc flu hosp,2025-05-03,quantile,0.1,1244.0
2025-05-03,US,0.0,wk inc flu hosp,2025-05-03,quantile,0.15,1371.0
2025-05-03,US,0.0,wk inc flu hosp,2025-05-03,quantile,0.2,1484.0
2025-05-03,US,0.0,wk inc flu hosp,2025-05-03,quantile,0.25,1725.0
2025-05-03,US,0.0,wk inc flu hosp,2025-05-03,quantile,0.3,1812.0
2025-05-03,US,0.0,wk inc flu hosp,2025-05-03,quantile,0.35,1914.0
2025-05-03,US,0.0,wk inc flu hosp,2025-05-03,quantile,0.4,1993.0
2025-05-03,US,0.0,wk inc flu hosp,2025-05-03,quantile,0.45,2101.0
2025-05-03,US,0.0,wk inc flu hosp,2025-05-03,quantile,0.5,2188.0
2025-05-03,US,0.0,wk inc flu hosp,2025-05-03,quantile,0.55,2362.0
2025-05-03,US,0.0,wk inc flu hosp,2025-05-03,quantile,0.6,2481.0
2025-05-03,US,0.0,wk inc flu hosp,2025-05-03,quantile,0.65,2577.0
2025-05-03,US,0.0,wk inc flu hosp,2025-05-03,quantile,0.7,2659.0
2025-05-03,US,0.0,wk inc flu hosp,2025-05-03,quantile,0.75,2807.0
2025-05-03,US,0.0,wk inc flu hosp,2025-05-03,quantile,0.8,3075.0
2025-05-03,US,0.0,wk inc flu hosp,2025-05-03,quantile,0.85,3170.0
2025-05-03,US,0.0,wk inc flu hosp,2025-05-03,quantile,0.9,3355.0
2025-05-03,US,0.0,wk inc flu hosp,2025-05-03,quantile,0.95,3785.0
2025-05-03,US,0.0,wk inc flu hosp,2025-05-03,quantile,0.975,4124.0
2025-05-03,US,0.0,wk inc flu hosp,2025-05-03,quantile,0.99,4773.0
2025-05-10,US,0.0,wk inc flu hosp,2025-05-10,quantile,0.01,568.0
2025-05-10,US,0.0,wk inc flu hosp,2025-05-10,quantile,0.025,844.0
2025-05-10,US,0.0,wk inc flu hosp,2025-05-10,quantile,0.05,1039.0
2025-05-10,US,0.0,wk inc flu hosp,2025-05-10,quantile,0.1,1140.0
2025-05-10,US,0.0,wk inc flu hosp,2025-05-10,quantile,0.15,1229.0
2025-05-10,US,0.0,wk inc flu hosp,2025-05-10,quantile,0.2,1304.0
2025-05-10,US,0.0,wk inc flu hosp,2025-05-10,quantile,0.25,1414.0
2025-05-10,US,0.0,wk inc flu hosp,2025-05-10,quantile,0.3,1532.0
2025-05-10,US,0.0,wk inc flu hosp,2025-05-10,quantile,0.35,1641.0
2025-05-10,US,0.0,wk inc flu hosp,2025-05-10,quantile,0.4,1685.0
2025-05-10,US,0.0,wk inc flu hosp,2025-05-10,quantile,0.45,1772.0
2025-05-10,US,0.0,wk inc flu hosp,2025-05-10,quantile,0.5,1847.0
2025-05-10,US,0.0,wk inc flu hosp,2025-05-10,quantile,0.55,1990.0
2025-05-10,US,0.0,wk inc flu hosp,2025-05-10,quantile,0.6,2052.0
2025-05-10,US,0.0,wk inc flu hosp,2025-05-10,quantile,0.65,2188.0
2025-05-10,US,0.0,wk inc flu hosp,2025-05-10,quantile,0.7,2244.0
2025-05-10,US,0.0,wk inc flu hosp,2025-05-10,quantile,0.75,2339.0
2025-05-10,US,0.0,wk inc flu hosp,2025-05-10,quantile,0.8,2427.0
2025-05-10,US,0.0,wk inc flu hosp,2025-05-10,quantile,0.85,2558.0
2025-05-10,US,0.0,wk inc flu hosp,2025-05-10,quantile,0.9,2724.0
2025-05-10,US,0.0,wk inc flu hosp,2025-05-10,quantile,0.95,3036.0
2025-05-10,US,0.0,wk inc flu hosp,2025-05-10,quantile,0.975,3413.0
2025-05-10,US,0.0,wk inc flu hosp,2025-05-10,quantile,0.99,4060.0
2025-05-17,US,0.0,wk inc flu hosp,2025-05-17,quantile,0.01,763.0
2025-05-17,US,0.0,wk inc flu hosp,2025-05-17,quantile,0.025,883.0
2025-05-17,US,0.0,wk inc flu hosp,2025-05-17,quantile,0.05,973.0
2025-05-17,US,0.0,wk inc flu hosp,2025-05-17,quantile,0.1,1091.0
2025-05-17,US,0.0,wk inc flu hosp,2025-05-17,quantile,0.15,1156.0
2025-05-17,US,0.0,wk inc flu hosp,2025-05-17,quantile,0.2,1260.0
2025-05-17,US,0.0,wk inc flu hosp,2025-05-17,quantile,0.25,1281.0
2025-05-17,US,0.0,wk inc flu hosp,2025-05-17,quantile,0.3,1404.0
2025-05-17,US,0.0,wk inc flu hosp,2025-05-17,quantile,0.35,1472.0
2025-05-17,US,0.0,wk inc flu hosp,2025-05-17,quantile,0.4,1561.0
2025-05-17,US,0.0,wk inc flu hosp,2025-05-17,quantile,0.45,1651.0
2025-05-17,US,0.0,wk inc flu hosp,2025-05-17,quantile,0.5,1698.0
2025-05-17,US,0.0,wk inc flu hosp,2025-05-17,quantile,0.55,1778.0
2025-05-17,US,0.0,wk inc flu hosp,2025-05-17,quantile,0.6,1839.0
2025-05-17,US,0.0,wk inc flu hosp,2025-05-17,quantile,0.65,1898.0
2025-05-17,US,0.0,wk inc flu hosp,2025-05-17,quantile,0.7,1966.0
2025-05-17,US,0.0,wk inc flu hosp,2025-05-17,quantile,0.75,2059.0
2025-05-17,US,0.0,wk inc flu hosp,2025-05-17,quantile,0.8,2176.0
2025-05-17,US,0.0,wk inc flu hosp,2025-05-17,quantile,0.85,2338.0
2025-05-17,US,0.0,wk inc flu hosp,2025-05-17,quantile,0.9,2491.0
2025-05-17,US,0.0,wk inc flu hosp,2025-05-17,quantile,0.95,2811.0
2025-05-17,US,0.0,wk inc flu hosp,2025-05-17,quantile,0.975,3097.0
2025-05-17,US,0.0,wk inc flu hosp,2025-05-17,quantile,0.99,3666.0
2025-05-24,US,0.0,wk inc flu hosp,2025-05-24,quantile,0.01,642.0
2025-05-24,US,0.0,wk inc flu hosp,2025-05-24,quantile,0.025,711.0
2025-05-24,US,0.0,wk inc flu hosp,2025-05-24,quantile,0.05,823.0
2025-05-24,US,0.0,wk inc flu hosp,2025-05-24,quantile,0.1,909.0
2025-05-24,US,0.0,wk inc flu hosp,2025-05-24,quantile,0.15,999.0
2025-05-24,US,0.0,wk inc flu hosp,2025-05-24,quantile,0.2,1071.0
2025-05-24,US,0.0,wk inc flu hosp,2025-05-24,quantile,0.25,1148.0
2025-05-24,US,0.0,wk inc flu hosp,2025-05-24,quantile,0.3,1204.0
2025-05-24,US,0.0,wk inc flu hosp,2025-05-24,quantile,0.35,1262.0
2025-05-24,US,0.0,wk inc flu hosp,2025-05-24,quantile,0.4,1300.0
2025-05-24,US,0.0,wk inc flu hosp,2025-05-24,quantile,0.45,1358.0
2025-05-24,US,0.0,wk inc flu hosp,2025-05-24,quantile,0.5,1417.0
2025-05-24,US,0.0,wk inc flu hosp,2025-05-24,quantile,0.55,1489.0
2025-05-24,US,0.0,wk inc flu hosp,2025-05-24,quantile,0.6,1528.0
2025-05-24,US,0.0,wk inc flu hosp,2025-05-24,quantile,0.65,1580.0
2025-05-24,US,0.0,wk inc flu hosp,2025-05-24,quantile,0.7,1657.0
2025-05-24,US,0.0,wk inc flu hosp,2025-05-24,quantile,0.75,1729.0
2025-05-24,US,0.0,wk inc flu hosp,2025-05-24,quantile,0.8,1830.0
2025-05-24,US,0.0,wk inc flu hosp,2025-05-24,quantile,0.85,1911.0
2025-05-24,US,0.0,wk inc flu hosp,2025-05-24,quantile,0.9,2054.0
2025-05-24,US,0.0,wk inc flu hosp,2025-05-24,quantile,0.95,2299.0
2025-05-24,US,0.0,wk inc flu hosp,2025-05-24,quantile,0.975,2542.0
2025-05-24,US,0.0,wk inc flu hosp,2025-05-24,quantile,0.99,2793.0
2025-05-31,US,0.0,wk inc flu hosp,2025-05-31,quantile,0.01,671.0
2025-05-31,US,0.0,wk inc flu hosp,2025-05-31,quantile,0.025,752.0
2025-05-31,US,0.0,wk inc flu hosp,2025-05-31,quantile,0.05,852.0
2025-05-31,US,0.0,wk inc flu hosp,2025-05-31,quantile,0.1,965.0
2025-05-31,US,0.0,wk inc flu hosp,2025-05-31,quantile,0.15,1025.0
2025-05-31,US,0.0,wk inc flu hosp,2025-05-31,quantile,0.2,1077.0
2025-05-31,US,0.0,wk inc flu hosp,2025-05-31,quantile,0.25,1126.0
2025-05-31,US,0.0,wk inc flu hosp,2025-05-31,quantile,0.3,1192.0
2025-05-31,US,0.0,wk inc flu hosp,2025-05-31,quantile,0.35,1272.0
2025-05-31,US,0.0,wk inc flu hosp,2025-05-31,quantile,0.4,1345.0
2025-05-31,US,0.0,wk inc flu hosp,2025-05-31,quantile,0.45,1390.0
2025-05-31,US,0.0,wk inc flu hosp,2025-05-31,quantile,0.5,1463.0
2025-05-31,US,0.0,wk inc flu hosp,2025-05-31,quantile,0.55,1505.0
2025-05-31,US,0.0,wk inc flu hosp,2025-05-31,quantile,0.6,1554.0
2025-05-31,US,0.0,wk inc flu hosp,2025-05-31,quantile,0.65,1588.0
2025-05-31,US,0.0,wk inc flu hosp,2025-05-31,quantile,0.7,1644.0
2025-05-31,US,0.0,wk inc flu hosp,2025-05-31,quantile,0.75,1710.0
2025-05-31,US,0.0,wk inc flu hosp,2025-05-31,quantile,0.8,1846.0
2025-05-31,US,0.0,wk inc flu hosp,2025-05-31,quantile,0.85,1947.0
2025-05-31,US,0.0,wk inc flu hosp,2025-05-31,quantile,0.9,2042.0
2025-05-31,US,0.0,wk inc flu hosp,2025-05-31,quantile,0.95,2343.0
2025-05-31,US,0.0,wk inc flu hosp,2025-05-31,quantile,0.975,2540.0
2025-05-31,US,0.0,wk inc flu hosp,2025-05-31,quantile,0.99,2790.0
